{"cameraMode":{"drawMode":0,"name":"Shaded","section":"Shading Mode"},"sceneLighting":true,"audioPlay":false,"sceneViewState":{"showFog":true,"showMaterialUpdate":true,"showSkybox":true,"showFlares":true,"showImageEffects":true,"showParticleSystems":true},"in2DMode":false,"pivot":{"x":-16.619213104248048,"y":1.304187536239624,"z":37.977455139160159},"rotation":{"x":-0.16638852655887605,"y":0.114199697971344,"z":-0.019404536113142968,"w":-0.9792328476905823},"size":3.8842923641204836,"orthographic":false}