{"cameraMode":{"drawMode":0,"name":"Shaded","section":"Shading Mode"},"sceneLighting":true,"audioPlay":false,"sceneViewState":{"showFog":true,"showMaterialUpdate":true,"showSkybox":true,"showFlares":true,"showImageEffects":true,"showParticleSystems":true},"in2DMode":false,"pivot":{"x":0.7756325006484985,"y":3.340543746948242,"z":-34.245384216308597},"rotation":{"x":-0.3356531858444214,"y":0.007627257611602545,"z":-0.0027179447934031488,"w":-0.941951334476471},"size":17.721960067749025,"orthographic":false}