{"cameraMode":{"drawMode":0,"name":"Shaded","section":"Shading Mode"},"sceneLighting":true,"audioPlay":false,"sceneViewState":{"showFog":true,"showMaterialUpdate":true,"showSkybox":true,"showFlares":true,"showImageEffects":true,"showParticleSystems":true},"in2DMode":false,"pivot":{"x":-18.05685043334961,"y":-2.818812370300293,"z":30.16374969482422},"rotation":{"x":-0.05716412514448166,"y":-0.9214349985122681,"z":0.14861465990543366,"w":-0.35441890358924868},"size":8.608527183532715,"orthographic":false}