{"cameraMode":{"drawMode":0,"name":"Shaded","section":"Shading Mode"},"sceneLighting":true,"audioPlay":false,"sceneViewState":{"showFog":true,"showMaterialUpdate":true,"showSkybox":true,"showFlares":true,"showImageEffects":true,"showParticleSystems":true},"in2DMode":false,"pivot":{"x":-30.368896484375,"y":82.04035949707031,"z":80.15005493164063},"rotation":{"x":0.22082532942295075,"y":-0.34530526399612429,"z":0.08395334333181381,"w":0.908269464969635},"size":267.085205078125,"orthographic":false}