{"cameraMode":{"drawMode":0,"name":"Shaded","section":"Shading Mode"},"sceneLighting":true,"audioPlay":false,"sceneViewState":{"showFog":true,"showMaterialUpdate":true,"showSkybox":true,"showFlares":true,"showImageEffects":true,"showParticleSystems":true},"in2DMode":false,"pivot":{"x":-61.39265441894531,"y":89.38650512695313,"z":54.330413818359378},"rotation":{"x":0.22204284369945527,"y":-0.2987709939479828,"z":0.07169096916913986,"w":0.925361692905426},"size":267.085205078125,"orthographic":false}