{"cameraMode":{"drawMode":0,"name":"Shaded","section":"Shading Mode"},"sceneLighting":true,"audioPlay":false,"sceneViewState":{"showFog":true,"showMaterialUpdate":true,"showSkybox":true,"showFlares":true,"showImageEffects":true,"showParticleSystems":true},"in2DMode":false,"pivot":{"x":104.68566131591797,"y":278.7658996582031,"z":-362.70465087890627},"rotation":{"x":-0.0164804607629776,"y":0.04767162725329399,"z":0.0007867250824347138,"w":0.9987264275550842},"size":183.06373596191407,"orthographic":false}